symbol,capital.net_profit_percent,exposure.percent,exposure.net_risk_adjusted_return,returns.cagr,returns.sharpe_ratio,trades.total,trades.avg_profit_loss,trades.avg_profit_loss_percent,trades.winners.total_profit,trades.winners.avg_profit,trades.winners.max_consecutive,trades.losers.total_loss,trades.losers.avg_loss,trades.losers.max_consecutive,drawdown.max_money,drawdown.max_percent,drawdown.max_drawdown_duration,profit_factor,period,lowerband
usdeur,-3.7269037321074956,23.305248512019787,-0.0012361188603191105,-0.00028808057230131546,-20.119466250590342,544,-0.006724833570579572,-0.006850925978138779,37954.62100986266,109.0650029019042,11,-41612.93047225792,-212.31086975641796,7,7727.0398664396635,7.598300838104088,10545,0.9120871945119524,10,-80
usdeur,3.2276019058391747,11.084486356960657,0.002250771221793493,0.00024948642900609637,-28.709251245559585,948,0.0034601834546713955,0.0034046433605898468,39489.81879478779,77.88918894435461,9,-36209.56487975925,-82.10785687020238,7,3696.6001602388424,3.6933444486131064,3574,1.0905908128396804,10,-80
usdeur,-4.142981548609773,10.829404034938548,-0.00295715554233839,-0.0003202423216214025,-28.89983897466726,948,-0.004280942070558785,-0.004370233701065162,35691.34047205654,74.04842421588494,7,-39749.67355494624,-85.29972865868292,14,6350.390325233384,6.34418015692031,12804,0.897902731772631,10,-80
usdeur,-3.674529482002045,11.099945891628662,-0.0025588609077831117,-0.00028403217620596343,-28.37839309044834,949,-0.0038017260364259773,-0.0038720015616459905,36576.682336171216,78.32266024876063,8,-40184.52034473952,-83.37037415921061,7,6439.168801460968,6.385472020535073,11303,0.9102182139386765,10,-80
usdeur,-3.256242119572597,11.06902682229265,-0.0022739092329583173,-0.00025169962291074515,-27.23374117692571,937,-0.0034192074067915883,-0.003475178356000637,36895.911098409066,82.17352137730305,8,-40099.7084385728,-82.1715336856,14,5980.635508369582,5.890759430615791,10636,0.9201042235738071,10,-80
usdeur,-5.769637865094473,10.968539846950605,-0.004065979562656909,-0.00044597858849889104,-28.922652038834897,938,-0.005976918634659053,-0.006150999856177476,34725.0851842866,74.19889996642436,9,-40331.43486359672,-85.81156353956749,9,7821.565472974529,7.733486199633889,10545,0.8609930517406307,10,-80
usdeur,-5.504399854009944,11.184973332302697,-0.003804000099544271,-0.0004254763966947948,-30.161121746364035,925,-0.005789891361635323,-0.005950702544875615,34731.52358368674,73.8968586886952,7,-40087.173093199424,-88.10367712791083,10,7710.7524797467195,7.649609984929484,11303,0.8663999205665804,10,-80
usdeur,-4.202024414309389,10.92989101028059,-0.0029717238968091516,-0.00032480618304770353,-29.32504470433407,919,-0.0044776529627944634,-0.004572387828410652,34479.296885026524,74.14902555919683,9,-38594.25995783471,-85.0093831670368,10,8112.6051654598705,7.9723721796875475,11304,0.893378883872786,10,-80
usdeur,-2.745279222574837,10.806214732936539,-0.0019637169597889136,-0.00021220347142188306,-29.14885252594245,941,-0.0028777246667461356,-0.002917406187645948,35545.38451564271,73.8989283069495,8,-38253.3234270508,-83.15939875445825,10,4531.553659586803,4.527562578243775,12853,0.9292103621644239,10,-80
usdeur,-2.9764371886049767,10.813944500270543,-0.0021275437917356943,-0.00023007140485724946,-27.71740688671312,947,-0.0030967027728354044,-0.0031430170946198277,36630.45564630953,78.43780652314675,8,-39563.03317218463,-82.42298577538465,8,5926.964461093521,5.842191662781985,9022,0.9258758166212369,10,-80
usdeur,-2.164745096122352,10.92989101028059,-0.0015309358451145564,-0.0001673296193083391,-28.130010883324484,937,-0.0022854670751272788,-0.0023102935924464805,37301.342703475464,77.71113063224055,9,-39442.82535286966,-86.30815175682639,8,5445.300354798863,5.35431560892687,10545,0.945706661978808,10,-80
usdeur,-5.741816377140445,10.86032310427456,-0.00408669297881484,-0.00044382806177899436,-29.058453551019408,947,-0.00589238047277475,-0.006063164073009974,34389.14163595864,70.90544667207966,7,-39969.22594367631,-86.51347606856345,8,7519.04900503809,7.442136518338448,8924,0.8603904835289781,10,-80
usdeur,-2.0635026150927773,10.775295663600525,-0.0014802732922593626,-0.00015950382387025982,-28.870916129293043,927,-0.002203191034427569,-0.002226000663530504,36465.25117348861,76.60767053253909,8,-38507.60926240293,-85.38272563725705,8,4749.245847686252,4.716584812792552,11216,0.9469622205056394,10,-80
usdeur,-4.419746144238421,10.90670170827858,-0.003132344857918483,-0.0003416355101277715,-29.72458568107428,942,-0.004589701208133101,-0.004691874887726562,34405.59759313435,72.129135415376,11,-38729.09613119578,-83.28837877676511,8,6207.484228318106,6.188583422956662,8942,0.8883656224917961,10,-80
usdeur,-3.3063415765176623,10.767565896266522,-0.0023735372228795154,-0.00025557218454596615,-26.694724535758326,954,-0.0034090980779451635,-0.0034657668516956627,36270.2985456654,75.56312197013625,11,-39522.57811202506,-83.38096648106553,11,6435.690507782332,6.341762231782834,10545,0.9177108447444594,10,-80
usdeur,-3.384990160036743,10.844863569606556,-0.002412676929148743,-0.0002616515213415542,-28.571555123698552,961,-0.0034634134898831196,-0.003522362289320232,36979.86495512326,76.72171152515199,8,-40308.20531890092,-84.15074179311256,9,6715.023065082147,6.601469822853355,10188,0.9174277212928414,10,-80
usdeur,-2.5464688493503043,10.875782638942567,-0.0018098552545605853,-0.00019683592356548992,-29.397870828033543,950,-0.0026466524189190537,-0.002680493525631899,35203.37749483183,73.34036978089965,10,-37717.69729280496,-80.25041977192544,11,4783.099877508357,4.749224886346215,11303,0.9333384597035631,10,-80
usdeur,-6.864109555646221,10.937620777614594,-0.00485094794762724,-0.0005305782906309457,-28.85136485918384,934,-0.007102600075998888,-0.007349153699835354,33301.152669623174,73.18934652664434,8,-39934.98114060613,-83.37156814322782,8,7869.845639236577,7.831221867922401,11303,0.8338842718461275,10,-80
usdeur,-3.1748260221987885,10.75983612893252,-0.0022807630219717303,-0.00024540636365344735,-28.10717247284803,959,-0.003258558456486783,-0.003310558938684868,36136.62237321628,74.66244291986835,9,-39261.57993298712,-82.6559577536571,9,5501.90668063995,5.414622003813378,11018,0.9204067292986015,10,-80
usdeur,-2.4178392601022747,10.937620777614594,-0.0017087187284192894,-0.00018689317467058012,-28.239978536232055,949,-0.0025172220079554713,-0.002547775827294283,37216.95140634848,76.10828508455722,11,-39605.795091898224,-86.09955454760484,8,5836.113034818074,5.706370378071126,8337,0.9396844911203814,10,-80
usdeur,-4.506052669323022,11.447785421658809,-0.0030425690897197648,-0.0003483067806968364,-29.717501347743383,938,-0.00469726863348684,-0.004803894103755887,34393.104102834186,73.96366473727782,8,-38799.1420810449,-82.02778452652198,11,8367.410015035755,8.158912485927456,11304,0.8864398091842537,10,-80
usdeur,-3.536382443883699,10.983999381618613,-0.0024886541945561467,-0.0002733537613406728,-29.276095120766023,940,-0.0036963649671440885,-0.003762108982854999,35281.26525785096,74.43304906719611,9,-38755.84832696639,-83.16705649563603,6,5377.343765550904,5.3720851581030065,12804,0.9103468710115213,10,-80
usdeur,-2.8186154785231983,10.75983612893252,-0.0020248652356555834,-0.00021787218118826405,-28.58117065612391,930,-0.002988454956881734,-0.0030307693317453747,35273.368913203325,73.94836250147448,10,-38052.632023103295,-84.00139519448851,8,5333.3521326486225,5.279390862912671,9022,0.9269626577154356,10,-80
usdeur,-3.8624311400552003,10.86032310427456,-0.002749057205895243,-0.0002985564948815658,-29.309387420044363,938,-0.004039222195791769,-0.004117730426498082,34603.026052037036,71.64187588413465,8,-38391.81647168973,-84.37761861909831,9,6813.387884899625,6.739729291655882,12804,0.90131255127127,10,-80
usdeur,-5.797098576388658,10.914431475612583,-0.004105584694011332,-0.0004481012281011054,-28.464625226979482,936,-0.006017379581583213,-0.0061934813850306174,34582.840290195105,72.04758393790647,11,-40215.10757855698,-88.19102539157232,9,6471.612971075039,6.452112896758514,12804,0.8599464821184504,10,-80
usdeur,-5.74058798156652,11.1927030996367,-0.003964485666514024,-0.00044373311008056785,-28.870494761267768,941,-0.0059287188634735664,-0.006100518577647737,33496.62872389562,71.26942281679919,9,-39075.55317442428,-82.96295790748256,9,6320.264284033023,6.308535389801173,12706,0.8572272431915262,10,-80
usdeur,-1.3196923808806054,10.976269614284611,-0.0009293603575896765,-0.00010200909853732246,-29.168655496139216,946,-0.0013858590073352274,-0.0013950236584361578,36523.99735310178,77.05484673650164,11,-37835.01997404091,-80.15894062296803,10,6498.358217132991,6.278672865344076,9022,0.9653489644821481,10,-80
usdeur,-5.52722361786091,10.744376594264512,-0.003976411374518323,-0.00042724061301541844,-28.578235248634638,938,-0.005732674251202516,-0.00589256249238903,34058.948327992475,72.77553061536854,13,-39436.196775620396,-83.90680165025616,8,6836.834635933075,6.80764872653871,12804,0.8636468806000036,10,-80
usdeur,-9.150115399664607,10.99945891628662,-0.0064301356578723955,-0.0007072801299491705,-29.04147308316321,937,-0.009331882277489979,-0.00976533126965273,32091.624817754877,68.71868269326527,11,-40835.59851176299,-86.88425215268721,10,9307.453607969452,9.29835167084254,12804,0.7858737471059878,10,-80
usdeur,-4.619491036764675,10.968539846950605,-0.003255449463868698,-0.000357075271641778,-28.498928598559225,944,-0.004782221106926339,-0.004893528640640545,35772.108136440685,75.30970133987513,7,-40286.52486137915,-85.89877369163997,9,7177.89845707819,7.056118503578769,11303,0.8879422650508575,10,-80
usdeur,-7.828410179517016,11.06902682229265,-0.005466750344978653,-0.000605116061993463,-27.5292535542768,940,-0.008010459594184506,-0.0083280959356564,33135.75621341453,69.90665867808971,9,-40665.58823194797,-87.26521079817161,11,8978.676136875321,8.969895717533692,12804,0.8148352859035294,10,-80
usdeur,-3.9418134469904644,11.007188683620624,-0.0027681232034982997,-0.0003046925440041415,-28.137191723985225,943,-0.004098764359890684,-0.004180077886522231,35562.90255186873,75.82708433234271,7,-39428.037343245596,-83.18151338237467,9,5688.657475451357,5.659909491636495,12804,0.9019698911784915,10,-80
usdeur,-6.663757664559468,10.937620777614594,-0.004709357245452669,-0.0005150916365707296,-28.32651501712641,927,-0.0069542395528201005,-0.007188519594994032,33695.2015887617,73.57030914576791,9,-40141.781654225946,-85.59015278086555,10,8045.344852873954,8.00154920054066,10222,0.8394047349219843,10,-80
usdeur,-4.5634975347004865,10.73664682693051,-0.003285449593875235,-0.00035274711957120677,-28.242092948863654,956,-0.004666251078909004,-0.004773532986088375,34033.31903456577,69.59778943673982,9,-38494.25506600277,-82.42881170450272,7,6336.361490468014,6.295266220787041,12851,0.8841142392861424,10,-80
usdeur,-1.3752418816781165,10.612970549586457,-0.0010016323020514948,-0.00010630294123187002,-28.86214512428408,963,-0.0014183059517894807,-0.0014280808740167357,37092.70503722349,73.59663697861804,10,-38458.533668796736,-83.78765505184474,7,4895.818959230048,4.791358582087237,11628,0.9644856810367315,10,-80
usdeur,-4.311455313050751,10.868052871608565,-0.0030664638184658226,-0.0003332649090796125,-28.35164982387204,944,-0.004470162647948668,-0.004567219611282576,35661.35797791387,75.55372452947853,8,-39881.19151757739,-84.49404982537582,8,6111.1408531910565,6.052697806257348,12804,0.8941898830228365,10,-80
usdeur,-3.8481150247808538,11.007188683620624,-0.002702323947802634,-0.0002974498957773016,-28.2981349460554,939,-0.004020251039408897,-0.004098099067924232,35438.87407284307,77.20887597569296,7,-39213.889798848,-81.6956037476,12,6482.4561614565755,6.366307891661778,10545,0.9037326889689012,10,-80
usdeur,-6.912637301258777,10.829404034938548,-0.004934060551832451,-0.0005343293524864547,-29.400444049132155,928,-0.00719733402734086,-0.007448962609115061,33106.83110021545,71.04470193179282,8,-39785.957077587744,-86.11679021122889,8,8748.502169176005,8.699222910478229,12853,0.832123531316662,10,-80
usdeur,-5.227649022120859,10.497024039576408,-0.003849512857186693,-0.00040408429002547177,-29.391306257887262,952,-0.005350165653597769,-0.005491227964412667,33662.86479861276,68.98128032502615,11,-38756.222500837845,-83.52634159663329,10,7034.816034796415,7.02793655347477,12804,0.8685796144834556,10,-80
usdeur,-3.663429511313793,10.806214732936539,-0.0026204751962576292,-0.0002831741767309396,-27.656815937507275,950,-0.0037864609610514946,-0.0038562415908566243,36460.08641516313,75.95851336492319,9,-40057.224328161996,-85.22813686842977,11,5258.563132621377,5.253420683029146,12804,0.9102000207620498,10,-80
usdeur,-3.494341411991645,10.953080312282601,-0.002466010368955452,-0.0002701040962209071,-28.79678822963736,956,-0.0035920442012758575,-0.0036551688409954446,35695.18620526683,74.05640291549135,9,-39129.180461686614,-82.55101363225025,9,6759.236382339615,6.735119312518051,8977,0.912239555853152,10,-80
usdeur,-3.5690938027211705,10.844863569606556,-0.002543897989643957,-0.000275882266326851,-28.84976421278528,950,-0.003690687032538353,-0.003756940844969653,34956.82033222438,73.28473864197983,9,-38462.97301313584,-81.31706768104829,7,4986.9534407311585,4.982076603458126,12804,0.9088434302851721,10,-80
usdeur,-2.740546846839589,10.721187292262503,-0.001975878834955489,-0.00021183767056375227,-29.04252700471134,950,-0.00284561534375806,-0.002884786154567988,35407.577869093926,76.47425025722231,10,-38110.91244566407,-78.25649372826298,6,6076.031864727731,5.961110235538832,9021,0.9290666530111454,10,-80
usdeur,-4.162969891484518,11.200432866970704,-0.0028729904717220713,-0.00032178736905969554,-27.744735366869648,950,-0.004292114016592805,-0.004382073569983703,36217.89472873863,73.46428951062603,7,-40295.40304450176,-88.17374845624018,11,5194.8655686247075,5.189785410100158,12804,0.8988095909784056,10,-80
usdeur,-3.8536426893024265,10.92989101028059,-0.002725344377467244,-0.0002978771701119798,-28.988286562731478,948,-0.0039876946975911645,-0.004065023933863319,34769.82909244749,73.1996401946263,7,-38550.16366576395,-81.50140309886669,10,5026.684721613434,5.001282058218256,12804,0.9019372626769485,10,-80
usdeur,-7.749713331079191,11.099945891628662,-0.005396720138847697,-0.0005990330153347216,-28.884898694446356,947,-0.007874374095870888,-0.00818343540768658,32153.082783928374,68.26556854337234,10,-39610.115052718174,-83.21452742167683,10,9339.150544697768,9.330017610529413,12804,0.8117391918992147,10,-80
usdeur,-3.74658053032211,10.937620777614594,-0.0026477562581215977,-0.00028960153862889854,-28.371227751434596,932,-0.003945562829935254,-0.004019936191332736,35790.64754169831,76.15031391850704,11,-39467.91209919797,-85.42838116709518,8,5624.466023882051,5.607518547890102,12804,0.9068290071119727,10,-80
usdeur,-5.493183047833491,10.86032310427456,-0.003909730523516259,-0.00042460936736031106,-29.532423794521332,942,-0.005674132527332146,-0.005831404509377379,34495.52505727826,74.34380400275487,9,-39840.557898025116,-83.34844748540819,7,6725.594632296095,6.678614324684175,11216,0.8658394078108076,10,-80
usdeur,-6.614496993988025,11.038107752956636,-0.004631988854722569,-0.0005112839208892191,-27.651880680374727,932,-0.006867471749675351,-0.007097099778957109,34844.05121201447,73.2017882605346,13,-41244.534882711894,-90.44854140945591,10,8120.638905140935,8.058444270438589,12804,0.8448161995547134,10,-80
usdeur,-1.8384798438170042,10.983999381618613,-0.0012937920742320892,-0.00014211011343308333,-27.449018622385662,942,-0.0019338459626426225,-0.0019516771165785608,38709.972873554696,80.98320684844079,9,-40531.65577036402,-87.3527064016466,12,4389.343611477729,4.325575076925949,6551,0.9550553052377074,10,-80
usdeur,-5.54365841083211,11.130864960964674,-0.0038497545369660883,-0.00042851097883830615,-28.587441800563003,936,-0.005761536563170674,-0.005922711977384733,33926.69073894486,71.27456037593458,7,-39319.488962072595,-85.47714991754913,8,6315.757322292309,6.289407643532576,12853,0.8628466858170613,10,-80
usdeur,-3.4128440968015705,11.30864960964675,-0.002332768007642113,-0.0002638045601901841,-28.293485138124407,953,-0.003520738171011951,-0.003581158548585069,36711.53281436848,73.5702060408186,9,-40066.79629134292,-88.25285526727515,12,4761.346701002723,4.7524548562186135,8337,0.9162582540271781,10,-80
usdeur,-4.0603208800754125,10.682538455592487,-0.0029379989206623617,-0.000313852864524649,-28.235110144721574,939,-0.00423748058906821,-0.00432409039411652,36027.48492447058,77.98156910058566,10,-40006.47919760566,-83.87102557150033,11,7735.683722586342,7.579825461786484,10315,0.9005412534934286,10,-80
usdeur,-5.011252488313439,10.968539846950605,-0.003531531206890986,-0.0003873574076353335,-29.010361338559626,936,-0.005221966501834977,-0.005353902231104102,33739.13233818854,73.02842497443406,8,-38626.89298390606,-81.49133540908451,11,6126.668117169844,6.120676731088459,12804,0.8734622365885341,10,-80
usdeur,-5.212907399438464,10.837133802272552,-0.0037181860890597176,-0.00040294480148888646,-28.770808656059167,950,-0.005346700938770943,-0.005487270946777331,35772.94061513417,77.59856966406544,7,-40852.30650696654,-83.5425490940011,9,9256.82023420892,9.016160464816037,11216,0.8756651380022769,10,-80
usdeur,-3.9225445003664046,11.092216124294659,-0.0027334763440592775,-0.0003032031037895233,-28.253028957217744,954,-0.004032084728187911,-0.004111681866212164,36626.5046800173,74.74796873472918,9,-40473.113510708514,-87.22653773859594,11,5512.069239187593,5.495995048447639,12853,0.9049589098285343,10,-80
usdeur,-4.6882345690471565,11.277730540310737,-0.003213314649910623,-0.0003623889676292493,-28.821076747878827,940,-0.0048723769480724655,-0.0049874835840927195,34571.69867240046,72.78252352084307,8,-39151.73300358863,-84.1972752765347,8,5870.47604836426,5.863554440999676,12706,0.8830183498960731,10,-80
usdeur,-3.7985182151799237,10.705727757594497,-0.0027426084033537776,-0.0002936161891199646,-28.295246406277162,948,-0.0039317292899672595,-0.004006875754409203,36057.93634471973,75.43501327347224,8,-39785.215711608624,-84.64939513108217,10,5014.744027283246,4.967187615062048,11157,0.9063149639829315,10,-80
usdeur,-7.456699537720903,10.875782638942567,-0.0052997001052550105,-0.0005763838639633454,-28.413317351092974,951,-0.007555700259499188,-0.007840903825153421,33372.775868244964,70.8551504633651,10,-40558.24681502871,-84.49634753130981,12,9782.306224745058,9.632944560375083,11304,0.8228357606394072,10,-80
usdeur,-2.648707213576041,11.177243564968695,-0.0018317458520821707,-0.00020473869537843543,-27.340441390978096,933,-0.002801646978326516,-0.0028389144840043315,37534.85055807967,77.07361510899317,8,-40148.78718885831,-90.0197022171711,8,4449.361531631381,4.403747428593452,8942,0.9348937585964232,10,-80
usdeur,-4.281215346819985,10.960810079616603,-0.0030191877735951693,-0.0003309274378107714,-28.61583190272932,946,-0.0044300901373074035,-0.004525597618202944,36010.61957932191,73.94377737027087,11,-40201.48484921471,-87.58493431201461,10,7803.362853916697,7.671091613607459,11304,0.8957534706588167,10,-80
usdeur,-5.90536837801067,10.976269614284611,-0.004158700633716317,-0.0004564701940076656,-28.169026875770687,948,-0.006048928011329742,-0.006229291537985939,35089.58428877504,74.02865883707814,8,-40823.96804351566,-86.12651485973768,12,7505.944231223752,7.464388829170022,12853,0.8595338956608004,10,-80
usdeur,-7.383513268218699,10.597511014918451,-0.00538547935693314,-0.0005707267680571488,-30.203568577829067,939,-0.0075798920048465055,-0.00786316641982822,32404.12263188593,69.38784289483068,8,-39521.64122443684,-83.73229072973906,10,8803.855426208145,8.784252001413615,11713,0.8199083243498998,10,-80
usdeur,-7.1103614317234705,10.744376594264512,-0.005115353879118184,-0.000549612884901776,-29.013749353522,943,-0.007278326156999995,-0.0075401499806187385,33510.75232260628,68.52914585400056,11,-40374.21388865722,-88.92998653889256,11,9494.7931773507,9.423188373063411,12804,0.8300038340070524,10,-80
usdeur,-3.738639464164316,10.976269614284611,-0.002632840888772777,-0.0002889877144668272,-28.551045734331986,954,-0.0038465568151335523,-0.003918909291576851,35983.929428462514,72.40227249187629,10,-39653.54463009986,-86.76924426717693,7,6628.469543172614,6.5270028634453885,11628,0.9074580788207305,10,-80
usdeur,-6.292238787509374,10.73664682693051,-0.004530038506539106,-0.00048637423557106117,-28.390595741649804,943,-0.006466983041856204,-0.006672575596510471,32351.04435578255,69.27418491602259,9,-38449.40936425299,-80.77607009296847,10,8024.549195781874,7.954711852060639,11573,0.8413924918664633,10,-80
usdeur,-1.7213618243017765,11.076756589626651,-0.0012012286665064977,-0.00013305717547374283,-28.495270826814867,948,-0.0018002437090141464,-0.0018157825150862622,37663.22171037064,76.86371777626661,7,-39369.85274651611,-85.96037717579937,11,3353.31954477985,3.347870103746261,11216,0.9566513228501601,10,-80
usdeur,-5.086195017274609,11.270000772976733,-0.003488467091271182,-0.0003931502681513012,-27.017002668867576,939,-0.005281164494755876,-0.005416608112113535,36569.33995550731,76.0277337952335,9,-41528.353416083046,-90.67326073380578,10,6225.208020297738,6.219120270157982,12804,0.8805872842852659,10,-80
usdeur,-0.40183437873939293,10.75983612893252,-0.00028867407782527833,-3.106085772070707e-05,-28.34815945945377,945,-0.00042436836478657784,-0.0004252215648035904,38825.47437951241,80.88640495731752,11,-39226.50248423576,-84.35806985857153,7,3746.2511170073412,3.6842845420919694,8924,0.9897766030788874,10,-80
usdeur,-2.4989647252668235,10.99945891628662,-0.0017561224959355445,-0.00019316397246009736,-28.504049381341822,943,-0.0026171782377851847,-0.002650015615341276,36999.598173819984,76.76265181290454,9,-39467.59725205141,-85.61300922353885,9,5335.4668999798305,5.231847747619926,11303,0.9374677140219589,10,-80
usdeur,-5.034846909846165,10.806214732936539,-0.0036014571620179825,-0.00038918119444238537,-28.69337012092909,941,-0.005218065017188737,-0.005350528065723873,33357.28086153608,67.5248600435953,9,-38267.48004271071,-85.60957503962128,10,6768.647584876875,6.762028394779702,12804,0.8716874177318623,10,-80
usdeur,-3.9998131406256276,11.084486356960657,-0.002789265660666577,-0.00030917577161597524,-29.084393336549212,947,-0.004140313148982479,-0.00422366751914005,34410.0177464733,72.90257997134174,9,-38330.89429855969,-80.69661957591514,9,5753.915841246824,5.683361620905758,12804,0.8977097554378292,10,-80
usdeur,-3.5116475657400135,10.99945891628662,-0.0024677742794784684,-0.00027144181801792226,-29.562551002064396,942,-0.003663168441438783,-0.0037278636578981033,34727.196716991486,73.26412809491875,9,-38177.9013888268,-81.57671236928803,13,5023.7326787094935,5.019308119877681,12853,0.9096151295302679,10,-80
usdeur,-1.9583501777137549,11.115405426296668,-0.0013618558383026974,-0.000151375797749036,-27.28790052002491,941,-0.002060891674606337,-0.0020811372770603133,37788.598878808,77.91463686352165,8,-39727.897944612574,-87.12258321186968,10,4894.202690075908,4.799227600173535,10524,0.9511854599377927,10,-80
usdeur,-1.7947939917745275,10.852593336940558,-0.001278342412240557,-0.0001387333034541039,-30.340245045826116,938,-0.0018963576680802773,-0.001913426430463249,35426.9899610837,74.58313676017622,12,-37205.77345374304,-80.35804201672362,12,5435.151018996476,5.344802646320132,8924,0.952190659471954,10,-80
usdeur,-5.983046708047364,11.053567287624642,-0.004183939072030355,-0.0004624745206000934,-29.553950742116747,938,-0.006191449124763619,-0.006378514614122989,32856.35962424209,68.73715402561106,9,-38663.938903270384,-84.05204109406606,11,7215.050370570549,7.2079946346403485,12804,0.8497933877467135,10,-80
usdeur,-5.242405928600613,10.798484965602535,-0.003752609382122245,-0.00040522495994626086,-28.328254782568255,943,-0.005416078423488658,-0.005559285184093969,35205.47945521062,73.19226497964786,9,-40312.84140856041,-87.2572324860615,11,7433.904019090172,7.4028893722571905,12853,0.8733068229652191,10,-80
usdeur,-7.145624856651941,10.92989101028059,-0.005053468969313876,-0.0005523386505843566,-27.994227307173567,946,-0.007289956563675063,-0.007553514647623616,34909.851208609645,73.96154917078314,8,-41806.15011784623,-88.19862894060385,7,8569.607361694056,8.561226978541603,12804,0.8350410432484984,10,-80
usdeur,-5.951185576606285,10.891242173610575,-0.004223684803775452,-0.000460011740629173,-27.915641015670406,931,-0.006205761253126973,-0.006392250887869265,33863.61947613177,72.66871132217118,7,-39641.18320279297,-85.24985635009241,12,7374.465650680504,7.367254019494979,12804,0.8542534995208181,10,-80
usdeur,-0.26090964650013254,10.728917059596506,-0.0001879752306847159,-2.016770659274837e-05,-27.778549103329322,952,-0.0002737075347771851,-0.00027406475472703,39368.99088151911,80.8398170051727,8,-39629.560454627004,-85.22486119274625,10,5709.112343155735,5.49706723905714,6595,0.9934248684537839,10,-80
usdeur,-5.714316886571193,10.62070031692046,-0.004158882289973642,-0.0004417024245515796,-29.74545798493679,941,-0.0059023546667993565,-0.006072600304538993,34271.17930719605,73.22901561366677,8,-39825.29504865425,-84.19724111766226,8,7777.762835200352,7.697306540567837,11216,0.8605379888668049,10,-80
usdeur,-1.8888755808714142,11.007188683620624,-0.0013264566024853896,-0.0001460055810419104,-27.722291705310216,955,-0.001959317401165742,-0.001977880189394151,37697.61651579376,79.36340319114476,9,-39568.76463390709,-82.43492632063978,8,6229.407803971029,6.081119842639537,10545,0.952711485045709,10,-80
usdeur,-6.650847087379205,11.076756589626651,-0.004641193294886356,-0.0005140936841286348,-27.511877422446254,934,-0.006889187365371903,-0.007120821292697222,34292.4256227044,73.11817830000939,8,-40726.926621961786,-87.58478843432643,8,8314.766321789575,8.25108489720466,12804,0.842008677478069,10,-80
usdeur,-2.107945211301547,11.038107752956636,-0.0014761509061395736,-0.00016293912761593192,-27.71223655550264,942,-0.0022143135197169343,-0.0022377337699591793,38512.79876383708,77.02559752767417,10,-40598.6820994105,-91.85222194436764,10,7258.224544335331,6.960965660732308,9008,0.9486218953988237,10,-80
usdeur,-2.9256084930379425,10.991729148952617,-0.002057387612528118,-0.0002261424739131935,-28.847449282466933,949,-0.0030381737409154908,-0.0030828329747502026,35704.37264470993,75.96675030789348,7,-38587.599524838726,-80.55866289110381,8,5379.991757280659,5.326079000432354,6595,0.9252809991906112,10,-80
usdeur,-3.301033104847057,10.558862178248434,-0.002416565807728144,-0.00025516185308469084,-28.704710903325154,952,-0.003410865130997135,-0.0034674717487889256,36889.87494014364,75.43941705550847,7,-40137.018544852945,-86.68902493488757,11,6879.900393997988,6.723149308945695,10524,0.9190985349078524,10,-80
usdeur,-3.471545684449136,10.875782638942567,-0.0024673354844624903,-0.00026834204426364107,-29.499456152006918,948,-0.0035991337802299315,-0.0036619680215708183,35648.84522315694,73.05091234253472,8,-39060.82404681496,-84.91483488438034,8,6212.834486720429,6.1715051410130535,8977,0.9126495943974783,10,-80
usdeur,-6.000751055630072,10.945350544948598,-0.004237808713691299,-0.00046384301913788965,-29.862942230661275,948,-0.006143727802187389,-0.006329906176824971,34130.103394435304,73.2405652241101,12,-39954.357350909006,-82.89285757450001,14,7690.894591305681,7.6833735181993035,12804,0.8542273148002169,10,-80
usdeur,-5.155931284424081,11.076756589626651,-0.003597990935223302,-0.0003985406980115167,-28.431705963222235,943,-0.005329022685373688,-0.00546758354657909,34877.9136515415,73.58209631126898,10,-39903.182043848865,-85.08141160735366,9,7182.171632992118,7.088922388206822,10545,0.8740634672496748,10,-80
usdeur,-4.681316524404491,10.744376594264512,-0.0033678475213155873,-0.0003618542208107495,-28.00753488501696,945,-0.004839611541823288,-0.004953774099898932,36274.65520953767,76.69060297999508,12,-40848.08811656074,-86.54255956898463,7,5934.661263758331,5.913106656640995,6595,0.8880380179857451,10,-80
usdeur,-6.034089574372358,11.084486356960657,-0.004207862972288152,-0.00046641999708287935,-28.586853763149303,955,-0.006131565991819002,-0.006318418402484145,33980.776337583295,70.2082155735192,9,-39836.42185977041,-84.57839036044673,7,7879.728829706466,7.87202309198206,12804,0.8530077439484957,10,-80
usdeur,-2.093504073032961,10.852593336940558,-0.001491098560647001,-0.00016182286303999298,-29.674660152359213,935,-0.002215767274406545,-0.002239041789340065,36782.93550149289,78.42843390510211,11,-38854.67790306303,-83.37913713103654,12,4862.569207458873,4.827506229081562,11303,0.9466797175171843,10,-80
usdeur,-7.08872629409851,10.914431475612583,-0.005020330646655746,-0.0005479405482784194,-27.74209441664515,938,-0.007295638771706478,-0.007557277499038923,33956.58582065076,71.33736516943438,10,-40799.89498851146,-88.31146101409408,8,7648.918857263459,7.6414388330312635,12804,0.8322714024193528,10,-80
usdeur,-3.350280513315758,10.960810079616603,-0.002362677133446682,-0.00025896855339162055,-28.396881305386522,938,-0.0035125587934532626,-0.0035717276261362026,35113.48333353286,73.61317260698712,9,-38408.26348179201,-83.31510516657703,16,5165.998409012231,5.160946480235891,12804,0.9142168937207721,10,-80
usdeur,-5.560034119556868,10.659349153590476,-0.004031923257201287,-0.00042977677758990294,-28.078984097456104,951,-0.0056869501098647255,-0.005846513269775887,35759.67989941933,74.65486409064579,7,-41167.969453900645,-87.22027426673866,8,7155.563640311739,7.120033460548809,11304,0.8686287026971916,10,-80
usdeur,-3.69349574626091,10.976269614284611,-0.0026010496294549953,-0.0002854982201303311,-28.32871751039623,948,-0.00382501926913549,-0.0038960925593469514,35301.0967202372,72.78576643347876,8,-38927.21498737764,-84.07605828807266,7,5000.294707113615,4.995890790838017,12853,0.9068487620212174,10,-80
usdeur,-8.261942686376578,10.968539846950605,-0.005822351166211382,-0.0006386269076952887,-29.733827367293078,931,-0.008517564468199594,-0.008874267117482898,31544.41878456597,68.57482344470863,9,-39474.271304459835,-83.80949321541367,10,9453.20760333295,9.444881867099502,12853,0.7991133906252008,10,-80
usdeur,-7.277518163001371,10.90670170827858,-0.005157687947369446,-0.0005625336394634218,-28.272835783348324,934,-0.007515005903271456,-0.007791775335119241,32088.01675922818,67.55371949311196,9,-39107.03227288373,-85.20050604114101,11,7493.545799538013,7.48621771759446,12804,0.8205178172386547,10,-80
usdeur,-0.8458334704046732,10.922161242946588,-0.000598608063621879,-6.538093792206192e-05,-27.38106501213854,934,-0.0009017841150459046,-0.0009056032873711704,37907.543495042584,79.97372045367634,13,-38749.80985849543,-84.23871708368571,11,5121.027473131777,5.03755557936052,8942,0.9782639871904252,10,-80
usdeur,-2.4514452973939442,10.628430084254465,-0.0017828676180080643,-0.00018949083827480008,-29.000350470692595,937,-0.002584462556909911,-0.0026162703280618402,35517.6309154652,75.24921804123983,6,-37939.27233128979,-81.58983297051567,11,5564.057223290001,5.472763389299795,11304,0.9361705887588313,10,-80
usdeur,-4.769607727179342,11.099945891628662,-0.003321447726257157,-0.0003686789004332749,-28.318578740358845,940,-0.004954945731606439,-0.005074050773595045,35500.95983182011,74.5818483861767,7,-40158.60881953009,-86.54872590415968,8,7237.38406557664,7.136310898274815,8924,0.8840186668656496,10,-80
